,Date,Heure,ID,followers,is_user_verified,len,like,location,name,retweets,source,tweet
0,13-Nov-2020,14:36:35,1.3272590669604045e+18,2422.0,0.0,140.0,0.0,"Caen, Basse-Normandie",ThierryRouby,1.0,Twitter Web App,"RT @20Minutes: üî¥ [EN DIRECT] Le gouvernement va proposer au Parlement de reporter les r√©gionales, annonce Jean #Castex
Suivez avec nous les‚Ä¶"
1,13-Nov-2020,14:36:16,1.3272589885897564e+18,2431698.0,1.0,140.0,0.0,"Paris, France",20Minutes,1.0,Echobox,"üî¥ [EN DIRECT] Le gouvernement va proposer au Parlement de reporter les r√©gionales, annonce Jean #Castex
Suivez avec‚Ä¶ https://t.co/yREYmIksB8"
2,13-Nov-2020,14:35:38,1.32725882965504e+18,9.0,0.0,140.0,0.0,,anne_garnier90,5.0,Twitter for iPhone,RT @ccifrance: [M√©dia] Le r√©seau #CCI appelle les consommateurs √† utiliser les plates-formes num√©riques locales ou √† attendre le 1er d√©cemb‚Ä¶
3,13-Nov-2020,14:31:39,1.3272578249431e+18,65.0,0.0,140.0,0.0,,jodragon51,2.0,Twitter Web App,"RT @BlaguesDessins: Le #DessinDePresse de Jerc : Le gouvernement dans l'√©cole tard : il faudrait 6 ma√Ætres
Retrouvez Jerc sur : https://t.c‚Ä¶"
4,13-Nov-2020,14:31:16,1.327257730185384e+18,1214.0,0.0,139.0,0.0,,hotdry1,15.0,Twitter for Android,"RT @GilbertCollard: #Covid19 Ce qu'il faut c'est que le gouvernement, une fois pour toutes, parle vrai ! Dans la mani√®re dont la #pand√©mie‚Ä¶"
5,13-Nov-2020,14:30:11,1.3272574564902707e+18,4435.0,0.0,140.0,0.0,‡¥ï‡µá‡¥∞‡¥≥‡¥Ç,viralvideovlogs,2.0,Naattuvartha,"RT @BlaguesDessins: Le #DessinDePresse de Jerc : Le gouvernement dans l'√©cole tard : il faudrait 6 ma√Ætres
Retrouvez Jerc sur : https://t.c‚Ä¶"
6,13-Nov-2020,14:30:10,1.3272574530970542e+18,109490.0,0.0,132.0,3.0,,BlaguesDessins,2.0,Crowdfire App,"Le #DessinDePresse de Jerc : Le gouvernement dans l'√©cole tard : il faudrait 6 ma√Ætres
Retrouvez Jerc sur :‚Ä¶ https://t.co/s7MYQN1Phu"
7,13-Nov-2020,14:25:56,1.3272563862884393e+18,174.0,0.0,140.0,0.0,"Cambes, France",cameleon3324,5.0,Twitter for Android,RT @ccifrance: [M√©dia] Le r√©seau #CCI appelle les consommateurs √† utiliser les plates-formes num√©riques locales ou √† attendre le 1er d√©cemb‚Ä¶
8,13-Nov-2020,14:24:47,1.3272560987689083e+18,0.0,0.0,140.0,0.0,,BertieGeorges,0.0,Twitter for iPhone,Un quarteron de professeurs en retraite aura r√©ussi √† mettre par terre tout le petit commerce et la restauration en‚Ä¶ https://t.co/vIFBxlqY2D
9,13-Nov-2020,14:24:04,1.3272559151170929e+18,65310.0,1.0,140.0,0.0,Lyon,F3Rhone_Alpes,0.0,Twitter Web App,"#Confinement: Le pr√©sident de la Chambre des m√©tiers de l'#Ain redoute des ""drames humains"" dans les petites entrep‚Ä¶ https://t.co/lGdtX1geWk"
10,13-Nov-2020,14:20:41,1.327255064138879e+18,78.0,0.0,140.0,0.0,,mal__man,81.0,Twitter for Android,"RT @Nantes_Revoltee: üî¥PREMIER MINISTRE : USINE √Ä FAKE NEWS

- Nouveau mensonge d'Etat ce soir : la preuve en images -

#Castex #confinement‚Ä¶"
11,13-Nov-2020,14:20:07,1.3272549225475727e+18,0.0,0.0,119.0,0.0,,TVouii,0.0,Twitter for iPhone,Les fran√ßais √† chaque fois que le gouvernement prend la parole #confinement #JeanCastex #Macron https://t.co/CIfrNX4Bkc
12,13-Nov-2020,14:15:06,1.3272536595839672e+18,82.0,0.0,140.0,0.0,,emiliozzzzzz,0.0,Twitter for Android,"#Coronavirus¬†: essai de bilan (19/08/20).

Nouvel article r√©capitulant l'ensemble des donn√©es v√©rifiables par citoy‚Ä¶ https://t.co/X49wmCdvdM"
13,13-Nov-2020,14:14:51,1.3272535964428657e+18,73.0,0.0,140.0,0.0,"Coutances, Manche, Normandie",FBoulligny,81.0,Twitter for iPad,"RT @Nantes_Revoltee: üî¥PREMIER MINISTRE : USINE √Ä FAKE NEWS

- Nouveau mensonge d'Etat ce soir : la preuve en images -

#Castex #confinement‚Ä¶"
14,13-Nov-2020,14:14:37,1.3272535375799951e+18,36.0,0.0,139.0,0.0,,Yab03755408,15.0,Twitter for Android,"RT @GilbertCollard: #Covid19 Ce qu'il faut c'est que le gouvernement, une fois pour toutes, parle vrai ! Dans la mani√®re dont la #pand√©mie‚Ä¶"
15,13-Nov-2020,14:14:07,1.3272534132608983e+18,2.0,0.0,139.0,0.0,,PerrinC12,15.0,Twitter for iPad,"RT @GilbertCollard: #Covid19 Ce qu'il faut c'est que le gouvernement, une fois pour toutes, parle vrai ! Dans la mani√®re dont la #pand√©mie‚Ä¶"
16,13-Nov-2020,14:13:35,1.3272532797268419e+18,2.0,0.0,140.0,0.0,,PerrinC12,27.0,Twitter for iPad,"RT @GilbertCollard: #Covid19 Le gouvernement a commis des erreurs terribles. Le #confinement tel qu'il est organis√© aujourd'hui, est techno‚Ä¶"
17,13-Nov-2020,14:13:24,1.3272532326290186e+18,197.0,0.0,139.0,0.0,,JOHN_DOE_CO,15.0,Twitter for Android,"RT @GilbertCollard: #Covid19 Ce qu'il faut c'est que le gouvernement, une fois pour toutes, parle vrai ! Dans la mani√®re dont la #pand√©mie‚Ä¶"
18,13-Nov-2020,14:12:30,1.3272530041358868e+18,366.0,0.0,140.0,0.0,"Lille, France  ‚úàÔ∏è World",oferlin,2.0,Twitter for iPhone,RT @SiliconSalad: 2/3 des commer√ßants contraints de fermer leurs points de vente pendant le¬†#confinement¬†ne disposent pas d‚Äôun¬†#siteweb¬†pou‚Ä¶
19,13-Nov-2020,14:11:29,1.3272527495038976e+18,1198.0,0.0,140.0,0.0,,Hussard3,27.0,Twitter for iPhone,"RT @GilbertCollard: #Covid19 Le gouvernement a commis des erreurs terribles. Le #confinement tel qu'il est organis√© aujourd'hui, est techno‚Ä¶"
20,13-Nov-2020,14:11:19,1.3272527074643722e+18,31.0,0.0,137.0,0.0,,CalmiNois,0.0,Twitter for Android,RT @Hkavendra: @GG_RMC Les grands oubli√©s du #confinement #gouvernement sont l‚Äôh√¥tellerie restaurations #SoutenonsNosRestaurateurs #GGRMC
21,13-Nov-2020,14:10:51,1.3272525896505836e+18,224.0,0.0,140.0,0.0,Guyane Fran√ßaise,Mario74067717,27.0,Twitter for Android,"RT @GilbertCollard: #Covid19 Le gouvernement a commis des erreurs terribles. Le #confinement tel qu'il est organis√© aujourd'hui, est techno‚Ä¶"
22,13-Nov-2020,14:09:02,1.327252131871662e+18,57.0,0.0,140.0,0.0,France,parissurlelocal,5.0,Twitter for iPhone,RT @ccifrance: [M√©dia] Le r√©seau #CCI appelle les consommateurs √† utiliser les plates-formes num√©riques locales ou √† attendre le 1er d√©cemb‚Ä¶
23,13-Nov-2020,14:07:54,1.3272518505009684e+18,7116.0,0.0,139.0,0.0,France,ElianeCarrier,15.0,Twitter Web App,"RT @GilbertCollard: #Covid19 Ce qu'il faut c'est que le gouvernement, une fois pour toutes, parle vrai ! Dans la mani√®re dont la #pand√©mie‚Ä¶"
24,13-Nov-2020,14:04:12,1.3272509164126904e+18,468.0,0.0,139.0,0.0,"Toulouse, France",RashoevM,15.0,Twitter for Android,"RT @GilbertCollard: #Covid19 Ce qu'il faut c'est que le gouvernement, une fois pour toutes, parle vrai ! Dans la mani√®re dont la #pand√©mie‚Ä¶"
25,13-Nov-2020,14:04:01,1.3272508692938138e+18,130.0,0.0,140.0,0.0,,LeRamenDeNarut1,27.0,Twitter Web App,"RT @GilbertCollard: #Covid19 Le gouvernement a commis des erreurs terribles. Le #confinement tel qu'il est organis√© aujourd'hui, est techno‚Ä¶"
26,13-Nov-2020,14:03:56,1.327250848834007e+18,59.0,0.0,139.0,0.0,,remoni45,15.0,Twitter Web App,"RT @GilbertCollard: #Covid19 Ce qu'il faut c'est que le gouvernement, une fois pour toutes, parle vrai ! Dans la mani√®re dont la #pand√©mie‚Ä¶"
27,13-Nov-2020,14:03:21,1.3272507019704525e+18,306.0,0.0,140.0,0.0,France,RegasDaniel,27.0,Twitter for Android,"RT @GilbertCollard: #Covid19 Le gouvernement a commis des erreurs terribles. Le #confinement tel qu'il est organis√© aujourd'hui, est techno‚Ä¶"
28,13-Nov-2020,14:03:13,1.327250668130857e+18,59.0,0.0,140.0,0.0,,remoni45,27.0,Twitter Web App,"RT @GilbertCollard: #Covid19 Le gouvernement a commis des erreurs terribles. Le #confinement tel qu'il est organis√© aujourd'hui, est techno‚Ä¶"
29,13-Nov-2020,14:03:09,1.3272506546000282e+18,3574.0,0.0,140.0,0.0,01 74 60 51 00,ccism77,5.0,Twitter Web App,RT @ccifrance: [M√©dia] Le r√©seau #CCI appelle les consommateurs √† utiliser les plates-formes num√©riques locales ou √† attendre le 1er d√©cemb‚Ä¶
30,13-Nov-2020,14:02:20,1.3272504464535183e+18,3466.0,0.0,140.0,0.0,,rosyjour,27.0,Twitter for iPad,"RT @GilbertCollard: #Covid19 Le gouvernement a commis des erreurs terribles. Le #confinement tel qu'il est organis√© aujourd'hui, est techno‚Ä¶"
31,13-Nov-2020,14:01:41,1.327250282250711e+18,1264.0,0.0,140.0,0.0,France,Jrme63057208,27.0,Twitter for Android,"RT @GilbertCollard: #Covid19 Le gouvernement a commis des erreurs terribles. Le #confinement tel qu'il est organis√© aujourd'hui, est techno‚Ä¶"
32,13-Nov-2020,14:00:07,1.3272498903055647e+18,25.0,0.0,139.0,0.0,"Ch√¢teau-d'Olonne, France",chauvin_joelle,15.0,Twitter for Android,"RT @GilbertCollard: #Covid19 Ce qu'il faut c'est que le gouvernement, une fois pour toutes, parle vrai ! Dans la mani√®re dont la #pand√©mie‚Ä¶"
33,13-Nov-2020,14:00:02,1.3272498688935895e+18,265.0,0.0,140.0,0.0,"Paris, France",ydrumare,5.0,Twitter for iPhone,RT @ccifrance: [M√©dia] Le r√©seau #CCI appelle les consommateurs √† utiliser les plates-formes num√©riques locales ou √† attendre le 1er d√©cemb‚Ä¶
34,13-Nov-2020,13:59:44,1.3272497920329687e+18,6.0,0.0,139.0,0.0,,jeckel06,15.0,Twitter for Android,"RT @GilbertCollard: #Covid19 Ce qu'il faut c'est que le gouvernement, une fois pour toutes, parle vrai ! Dans la mani√®re dont la #pand√©mie‚Ä¶"
35,13-Nov-2020,13:59:29,1.327249728472494e+18,6.0,0.0,140.0,0.0,,jeckel06,27.0,Twitter for Android,"RT @GilbertCollard: #Covid19 Le gouvernement a commis des erreurs terribles. Le #confinement tel qu'il est organis√© aujourd'hui, est techno‚Ä¶"
36,13-Nov-2020,13:59:20,1.32724969399117e+18,4206.0,0.0,139.0,0.0,"Gard, Languedoc-Roussillon",Lemerignan,15.0,Twitter for Android,"RT @GilbertCollard: #Covid19 Ce qu'il faut c'est que le gouvernement, une fois pour toutes, parle vrai ! Dans la mani√®re dont la #pand√©mie‚Ä¶"
37,13-Nov-2020,13:58:57,1.3272495972243988e+18,8963.0,0.0,140.0,0.0,France,Dormez_Dormez,27.0,Twitter Web App,"RT @GilbertCollard: #Covid19 Le gouvernement a commis des erreurs terribles. Le #confinement tel qu'il est organis√© aujourd'hui, est techno‚Ä¶"
38,13-Nov-2020,13:58:39,1.327249518883201e+18,3611.0,0.0,140.0,0.0,"Pom√©ranie Occidentale, Pologne",wegorzewo101,27.0,Twitter for Android,"RT @GilbertCollard: #Covid19 Le gouvernement a commis des erreurs terribles. Le #confinement tel qu'il est organis√© aujourd'hui, est techno‚Ä¶"
39,13-Nov-2020,13:57:40,1.327249273654829e+18,388.0,0.0,140.0,0.0,Montcuq,FbioVolpi1,27.0,Twitter for Android,"RT @GilbertCollard: #Covid19 Le gouvernement a commis des erreurs terribles. Le #confinement tel qu'il est organis√© aujourd'hui, est techno‚Ä¶"
40,13-Nov-2020,13:57:34,1.3272492464295977e+18,379.0,0.0,139.0,0.0,perpignan,Andre_Manos,15.0,Twitter for Android,"RT @GilbertCollard: #Covid19 Ce qu'il faut c'est que le gouvernement, une fois pour toutes, parle vrai ! Dans la mani√®re dont la #pand√©mie‚Ä¶"
41,13-Nov-2020,13:57:24,1.3272492064536576e+18,379.0,0.0,140.0,0.0,perpignan,Andre_Manos,27.0,Twitter for Android,"RT @GilbertCollard: #Covid19 Le gouvernement a commis des erreurs terribles. Le #confinement tel qu'il est organis√© aujourd'hui, est techno‚Ä¶"
42,13-Nov-2020,13:57:19,1.327249187231191e+18,31510.0,1.0,140.0,13.0,"Levallois-Perret, France",ccifrance,5.0,Twitter Web App,[M√©dia] Le r√©seau #CCI appelle les consommateurs √† utiliser les plates-formes num√©riques locales ou √† attendre le 1‚Ä¶ https://t.co/tOFLXImPvX
43,13-Nov-2020,13:56:58,1.327249095975637e+18,305.0,0.0,140.0,0.0,,plenertA,27.0,Twitter Web App,"RT @GilbertCollard: #Covid19 Le gouvernement a commis des erreurs terribles. Le #confinement tel qu'il est organis√© aujourd'hui, est techno‚Ä¶"
44,13-Nov-2020,13:56:57,1.3272490941511885e+18,1974.0,0.0,139.0,0.0,,LEBELSylvie,15.0,Twitter for iPad,"RT @GilbertCollard: #Covid19 Ce qu'il faut c'est que le gouvernement, une fois pour toutes, parle vrai ! Dans la mani√®re dont la #pand√©mie‚Ä¶"
45,13-Nov-2020,13:56:52,1.3272490739640033e+18,773.0,0.0,140.0,0.0,France,SebRou55el,27.0,Twitter Web App,"RT @GilbertCollard: #Covid19 Le gouvernement a commis des erreurs terribles. Le #confinement tel qu'il est organis√© aujourd'hui, est techno‚Ä¶"
46,13-Nov-2020,13:56:45,1.3272490412022784e+18,333.0,0.0,140.0,0.0,muizon,gorillemonde,27.0,Twitter Web App,"RT @GilbertCollard: #Covid19 Le gouvernement a commis des erreurs terribles. Le #confinement tel qu'il est organis√© aujourd'hui, est techno‚Ä¶"
47,13-Nov-2020,13:56:18,1.3272489289207685e+18,1974.0,0.0,140.0,0.0,,LEBELSylvie,27.0,Twitter for iPad,"RT @GilbertCollard: #Covid19 Le gouvernement a commis des erreurs terribles. Le #confinement tel qu'il est organis√© aujourd'hui, est techno‚Ä¶"
48,13-Nov-2020,13:55:57,1.3272488400896205e+18,238058.0,1.0,140.0,92.0,"Vauvert, France",GilbertCollard,27.0,Twitter Web App,"#Covid19 Le gouvernement a commis des erreurs terribles. Le #confinement tel qu'il est organis√© aujourd'hui, est te‚Ä¶ https://t.co/GvmQiwPrQS"
49,13-Nov-2020,13:55:43,1.3272487829589934e+18,1140.0,0.0,139.0,0.0,"Seine-et-Marne, Ile-de-France",leducanne,15.0,Twitter for iPhone,"RT @GilbertCollard: #Covid19 Ce qu'il faut c'est que le gouvernement, une fois pour toutes, parle vrai ! Dans la mani√®re dont la #pand√©mie‚Ä¶"
50,13-Nov-2020,13:52:53,1.327248069612757e+18,1905.0,0.0,139.0,0.0,"Wittelsheim, France",LudovicCathala,15.0,Twitter Web App,"RT @GilbertCollard: #Covid19 Ce qu'il faut c'est que le gouvernement, une fois pour toutes, parle vrai ! Dans la mani√®re dont la #pand√©mie‚Ä¶"
51,13-Nov-2020,13:52:16,1.327247913232298e+18,238058.0,1.0,133.0,71.0,"Vauvert, France",GilbertCollard,15.0,Twitter Web App,"#Covid19 Ce qu'il faut c'est que le gouvernement, une fois pour toutes, parle vrai ! Dans la mani√®re dont la‚Ä¶ https://t.co/ZxnL1SeXYA"
52,13-Nov-2020,13:50:29,1.327247466232746e+18,1494.0,0.0,140.0,0.0,Paris,SylvieGUYONY,1.0,Twitter for iPhone,RT @agefiactifs: üè† Le pr√©sident de la @FNAIM redoute les cons√©quences sur le secteur de l'#Immobilier en cas de prolongement du #Confinemen‚Ä¶
53,13-Nov-2020,13:50:20,1.327247427397673e+18,8330.0,0.0,144.0,0.0,France,flagasso,4.0,Twitter for iPhone,RT @Mayenne_Ville: La ministre @1ElisaMoreno &amp; le Gouvernement ont lanc√© une campagne de communication √† destination des personnes #LGBT+ p‚Ä¶
54,13-Nov-2020,13:46:43,1.3272465195112407e+18,146.0,0.0,140.0,0.0,,Frederic_G63,0.0,Twitter Web App,@BourdinDirect #BourdinDirect #confinement ‚Äúcrise‚Äú #COVID19  Pas 1√©re fois que #segoleneriyal comprend ce qui se pa‚Ä¶ https://t.co/5QbRTAkIfe
55,13-Nov-2020,13:46:42,1.3272465143899873e+18,18.0,0.0,144.0,0.0,"Laval, France",DelliereChrist1,4.0,Twitter for Android,RT @Mayenne_Ville: La ministre @1ElisaMoreno &amp; le Gouvernement ont lanc√© une campagne de communication √† destination des personnes #LGBT+ p‚Ä¶
56,13-Nov-2020,13:43:52,1.327245802343981e+18,413.0,0.0,140.0,0.0,bordeaux,jpalcyon,4.0,Twitter Web App,"RT @LaurenceCohen94: Sur @publicsenat, je d√©nonce le manque d'anticipation du gouvernement! #PLFSS2021 #confinement #CriseSanitaire #ecoles‚Ä¶"
57,13-Nov-2020,13:39:16,1.3272446435500605e+18,371.0,0.0,138.0,0.0,"Basse-Normandie, France",CedAbdilla,0.0,Twitter Web App,"#confinement  : Sur Europe1, @montebourg d√©nonce une ""d√©cision arbitraire de hauts fonctionnaires tout-puissants""

https://t.co/120YZCqqQa"
58,13-Nov-2020,13:33:38,1.3272432251454996e+18,31.0,0.0,140.0,0.0,,CalmiNois,11.0,Twitter for Android,"RT @ami_vol: @yangtseetune @EnModeMacaron @LabasOfficiel @ArianeWalter @ZabouF L'homme/la femme politique,qui se levera et qui dira ""NON"" √†‚Ä¶"
59,13-Nov-2020,13:30:01,1.3272423132450038e+18,112.0,0.0,140.0,0.0,"Haguenau, France",MesSorties_fr,0.0,Zoho Social,"Elisabeth Borne, Ministre du Travail l'a rappel√© lors de sa derni√®re conf√©rence : En cette p√©riode,  4 fran√ßais sur‚Ä¶ https://t.co/7WJBut8afb"
60,13-Nov-2020,13:28:05,1.327241826596741e+18,375.0,0.0,140.0,0.0,Alpes de Haute Provence,colas_masi,0.0,Twitter Web App,"Didier Long, Patron des transports Bremond dans les @AlpesProvence04 et pr√©sident de @UDE04 s'exprime sur les condi‚Ä¶ https://t.co/83JRnShIBr"
61,13-Nov-2020,13:23:17,1.3272406202436362e+18,172.0,0.0,140.0,0.0,Myrelingues la Brumeuse,Laurent_Mourgue,21.0,Twitter for iPad,"RT @CBarrely: Une d√©couverte que cette jeune ministre, @AgnesRunacher, qui sait de quoi elle parle quand elle r√©pond √† la d√©tresse sociale.‚Ä¶"
62,13-Nov-2020,13:23:04,1.3272405660616212e+18,346.0,0.0,140.0,0.0,Lille,FBaras,2.0,Twitter Web App,RT @SiliconSalad: 2/3 des commer√ßants contraints de fermer leurs points de vente pendant le¬†#confinement¬†ne disposent pas d‚Äôun¬†#siteweb¬†pou‚Ä¶
63,13-Nov-2020,13:19:55,1.3272397741476454e+18,6.0,0.0,140.0,1.0,"Paris, France",Williamvandenm,0.0,Twitter Web App,"@20Minutes Le retour de #valls sur les chaines TV, l'annonce de #hollande sur sa nouvelle force politique... Et nou‚Ä¶ https://t.co/Sf8Kn1P1TS"
64,13-Nov-2020,13:18:48,1.327239492357542e+18,1973.0,0.0,139.0,0.0,Paris et toute la France,NouvelleVie_Pro,0.0,Twitter Web App,"Nouvelles annonces du Gouvernement : t√©l√©travail toujours pr√©conis√©, prolongation des droits √† l‚Äôassurance ch√¥mage‚Ä¶ https://t.co/K6ZFTNLVgf"
65,13-Nov-2020,13:05:14,1.3272360771161375e+18,1307.0,0.0,124.0,0.0,"Paris, France",mick_le_priol,0.0,Twitter Web App,"""Covid : Jean Castex tente de donner des perspectives pour les commerces et No√´l"" (via @LesEchos)
üëâ‚Ä¶ https://t.co/s3I7uuUAmn"
66,13-Nov-2020,13:02:00,1.3272352650904986e+18,14.0,0.0,101.0,0.0,,SnetaaB,1.0,Twitter for Android,RT @SnetaaFO: #ToutEstDit #Gouvernement #CriseSanitaire #COVID19 #confinement https://t.co/Vxr3coV1R2
67,13-Nov-2020,12:59:39,1.3272346738362368e+18,1161.0,0.0,140.0,0.0,"Clermont-Ferrand, France",AucouturierP,3.0,Twitter for Android,"RT @PCF: ""Le gouvernement a fait le choix d'un confinement lib√©ral, doux avec les gros et dur pour les petits."" (√† propos du #confinement e‚Ä¶"
68,13-Nov-2020,12:56:44,1.327233938952237e+18,774.0,0.0,111.0,0.0,,GrintaMarS,2.0,Twitter for iPhone,RT @GrintaMarS: Le gouvernement nous prend t‚Äôil pour des con ?  #COVID19france #confinement #Castex20h #COVID19
69,13-Nov-2020,12:51:34,1.327232637266768e+18,2.0,0.0,132.0,0.0,,Kaffe78355322,0.0,Twitter Web App,"Le confinement tue. C'est la volont√© du gouvernement. Inhumain.
#Resistance #DictatureSanitaire #confinement https://t.co/DO4NUEa39p"
70,13-Nov-2020,12:51:04,1.3272325114962944e+18,317.0,0.0,143.0,0.0,,NicoleARNAUD9,0.0,Twitter for Android,"RT @ami_vol: @BFMTV L'homme/la femme politique,qui se levera et qui dira ""NON"" √† cette mascarade hysterique aura mon vote

Pas de like -&gt; F‚Ä¶"
71,13-Nov-2020,12:50:24,1.3272323464966513e+18,578.0,0.0,134.0,0.0,"Lille, France",SiliconSalad,2.0,Twitter for iPhone,2/3 des commer√ßants contraints de fermer leurs points de vente pendant le¬†#confinement¬†ne disposent pas d‚Äôun¬†‚Ä¶ https://t.co/T5RyAPwR5Y
72,13-Nov-2020,12:44:08,1.327230767341179e+18,645.0,0.0,140.0,0.0,"Loir-et-Cher, Centre",guillaume411,4.0,Twitter for Android,"RT @morandiniblog: Audiences: La conf√©rence de presse du Premier ministre Jean Castex suivie par plus de 7,8 millions de t√©l√©spectateurs hi‚Ä¶"
73,13-Nov-2020,12:41:04,1.3272299946497434e+18,1641.0,0.0,140.0,1.0,Paris,isabelle_senand,0.0,Twitter Web App,#Confinement : la fermeture des rayons de produits non-essentiels a suscit√© une incompr√©hension totale üëâLes patrons‚Ä¶ https://t.co/c9xzTwBivo
74,13-Nov-2020,12:37:48,1.3272291725242163e+18,94.0,0.0,140.0,0.0,"Toulouse, France",Spritsead,81.0,Twitter for Android,"RT @Nantes_Revoltee: üî¥PREMIER MINISTRE : USINE √Ä FAKE NEWS

- Nouveau mensonge d'Etat ce soir : la preuve en images -

#Castex #confinement‚Ä¶"
75,13-Nov-2020,12:34:05,1.3272282390775767e+18,2.0,0.0,128.0,0.0,,GoldorakSon,0.0,Twitter for Android,@BFMTV La solution r√©side peut-√™tre dans un #confinement de deux mois de l'ensemble du #Parlement et du‚Ä¶ https://t.co/qNW7bWbOvZ
76,13-Nov-2020,12:33:29,1.3272280880868352e+18,214.0,0.0,133.0,0.0,,R421767575,42.0,Twitter Web App,"RT @cavousf5: #Confinement : les derni√®res annonces du gouvernement.
L‚Äô√©dito de #PatrickCohen dans #C√†Vous ‚¨áÔ∏è https://t.co/eUS7oOwFmA"
77,13-Nov-2020,12:32:11,1.3272277599622963e+18,306.0,0.0,140.0,0.0,,CanadianMarston,81.0,Twitter for Android,"RT @Nantes_Revoltee: üî¥PREMIER MINISTRE : USINE √Ä FAKE NEWS

- Nouveau mensonge d'Etat ce soir : la preuve en images -

#Castex #confinement‚Ä¶"
78,13-Nov-2020,12:31:24,1.3272275631152415e+18,810.0,0.0,140.0,0.0,France #Angers #Anjou,GENITONI,0.0,Twitter Web App,@Mike_Bresson @CheckNewsfr 10 contre v√©rit√©s dans #Holdup contre 100 mensonges du gouvernement depuis le d√©but de c‚Ä¶ https://t.co/CaE0p24hv5
79,13-Nov-2020,12:25:18,1.3272260287130092e+18,153.0,0.0,140.0,0.0,France ,Davidvi95671193,3.0,Twitter Web App,"RT @PCF: ""Le gouvernement a fait le choix d'un confinement lib√©ral, doux avec les gros et dur pour les petits."" (√† propos du #confinement e‚Ä¶"
80,13-Nov-2020,12:24:02,1.3272257109650432e+18,2844.0,0.0,140.0,0.0,"Cr√©√© par @ze_fisch, pour vous servir.",botliberalisme,3.0,Botliberalisme,"RT @PCF: ""Le gouvernement a fait le choix d'un confinement lib√©ral, doux avec les gros et dur pour les petits."" (√† propos du #confinement e‚Ä¶"
81,13-Nov-2020,12:22:54,1.3272254245864038e+18,53486.0,1.0,140.0,1.0,France,PCF,3.0,Twitter Web App,"""Le gouvernement a fait le choix d'un confinement lib√©ral, doux avec les gros et dur pour les petits."" (√† propos du‚Ä¶ https://t.co/EwRJkK1zJf"
82,13-Nov-2020,12:22:48,1.3272253997435494e+18,198.0,0.0,139.0,0.0,France,pi_boul,0.0,Twitter for iPhone,"via @franceinfo : #CONFINEMENT #COVID_19 Ce matin, sur notre plateau, le ministre de l'Int√©rieur, G√©rald Darmanin,‚Ä¶ https://t.co/LxLPCaMZqG"
83,13-Nov-2020,12:20:25,1.327224801363112e+18,1951.0,0.0,140.0,0.0,"Montr√©al, Canada",macp7302,2.0,Twitter for Android,"RT @beatriceLBB: #COVID19france : #confinement , #vacances de No√´l, #√©coles , #coll√®ges et #lyc√©es... Ce qu'a annonc√© Jean Castex
#JeanCast‚Ä¶"
84,13-Nov-2020,12:19:30,1.3272245701941125e+18,26.0,0.0,139.0,0.0,"Ile-de-France, France",Bob43411314,0.0,Twitter Web App,"On peut faire cours dans des salles bond√©es
On peut prendre le m√©tro ou le RER aux heures de pointe
On ne peut pas‚Ä¶ https://t.co/EGZbZDguYM"
85,13-Nov-2020,12:19:10,1.327224484005294e+18,260.0,0.0,140.0,0.0,,unbonpote,81.0,Twitter for Android,"RT @Nantes_Revoltee: üî¥PREMIER MINISTRE : USINE √Ä FAKE NEWS

- Nouveau mensonge d'Etat ce soir : la preuve en images -

#Castex #confinement‚Ä¶"
86,13-Nov-2020,12:16:18,1.3272237629038182e+18,101.0,0.0,139.0,0.0,"Essonne, Ile-de-France",moisegerard1,5.0,Twitter for Android,"RT @LTaillade_PRS: üéô Rendez-vous en direct sur @SudRadio √† 10H45 pour le d√©bat de @valerie_expert !

üëâ#confinement #13novembre2015 #HoldUp‚Ä¶"
87,13-Nov-2020,12:06:10,1.3272212141469245e+18,3550.0,0.0,140.0,0.0,France,GNI_Paris_Idf,4.0,Twitter Web App,RT @lhotellerieLHR: R√©action de Didier Chenet @GNI_CHR apr√®s l‚Äôintervention du premier ministre : ¬´ Les h√¥tels caf√©s restaurants nous somme‚Ä¶
88,13-Nov-2020,12:05:46,1.3272211145405809e+18,318.0,0.0,140.0,0.0,"Toulouse, France",GNI_OCCITANIE,4.0,Twitter Web App,RT @lhotellerieLHR: R√©action de Didier Chenet @GNI_CHR apr√®s l‚Äôintervention du premier ministre : ¬´ Les h√¥tels caf√©s restaurants nous somme‚Ä¶
89,13-Nov-2020,12:04:09,1.3272207076344013e+18,1367.0,0.0,140.0,0.0,,franckthiebaux,7.0,Twitter for iPhone,RT @brigitte_kuster: Question au ministre sur les difficult√©s des agents #immobiliers √† cause du #confinement qui r√©duit fortement leur act‚Ä¶
90,13-Nov-2020,11:57:36,1.3272190593190748e+18,4603.0,0.0,127.0,0.0,"Metz, France",The_best_man_57,0.0,Twitter Web App,"Comment la crise √©lectrise Emmanuel Macron.
#Macron #EmmanuelMacron #Coronavirus #Covid19 #Confinement‚Ä¶ https://t.co/K6QE5DHLR1"
91,13-Nov-2020,11:48:33,1.3272167818706985e+18,241.0,0.0,140.0,0.0,Saint-Martin,MeureeClara,6.0,Twitter for iPhone,"RT @SudRadio: [#SudRadio] #GrandMatinSudRadio 
@nabil_hedar, pr√©sident de la Conf√©d√©ration des Jeunes Engag√©s

üó£Ô∏è""On nous dit que la deuxi√®‚Ä¶"
92,13-Nov-2020,11:47:39,1.327216554833023e+18,13580.0,1.0,140.0,0.0,Paris,LaurentVimont,7.0,Twitter for iPhone,RT @brigitte_kuster: Question au ministre sur les difficult√©s des agents #immobiliers √† cause du #confinement qui r√©duit fortement leur act‚Ä¶
93,13-Nov-2020,11:46:41,1.3272163083756626e+18,171.0,0.0,140.0,0.0,,Carobou347,81.0,Twitter for Android,"RT @Nantes_Revoltee: üî¥PREMIER MINISTRE : USINE √Ä FAKE NEWS

- Nouveau mensonge d'Etat ce soir : la preuve en images -

#Castex #confinement‚Ä¶"
94,13-Nov-2020,11:38:53,1.3272143483481047e+18,314.0,0.0,140.0,0.0,"Ile-de-France, France",hubdelareussite,2.0,Twitter Web App,"RT @EcoReseau: Benjamin Chkroun, pr√©sident-fondateur du Hub de la R√©ussite ¬´ Je ne crois pas √† l‚Äôascenseur social‚Ä¶ mais √† l‚Äôescalier ¬ª üìåhtt‚Ä¶"
95,13-Nov-2020,11:38:26,1.3272142353367613e+18,1608.0,0.0,144.0,0.0,la mayenne mayenne ,JpLeScornet,4.0,Twitter for iPhone,RT @Mayenne_Ville: La ministre @1ElisaMoreno &amp; le Gouvernement ont lanc√© une campagne de communication √† destination des personnes #LGBT+ p‚Ä¶
96,13-Nov-2020,11:31:30,1.3272124899023217e+18,184.0,0.0,140.0,0.0,,Ladove4,10.0,Twitter for iPhone,"RT @ChasseursFrance: Lettre ouverte √† @barbarapompili, @Ecologie_Gouv et @J_Denormandie, @Agri_Gouv de la part de la @FNSEA, les @Chambagri‚Ä¶"
97,13-Nov-2020,11:31:20,1.3272124480263987e+18,9329.0,0.0,135.0,0.0,,agefiactifs,1.0,Hootsuite Inc.,üè† Le pr√©sident de la @FNAIM redoute les cons√©quences sur le secteur de l'#Immobilier en cas de prolongement du‚Ä¶ https://t.co/VpCldICLV8
98,13-Nov-2020,11:27:47,1.327211554824188e+18,2490.0,0.0,140.0,0.0,"Enghien-les-Bains, Val d‚ÄôOise",b_chkroun,2.0,Twitter for iPhone,"RT @EcoReseau: Benjamin Chkroun, pr√©sident-fondateur du Hub de la R√©ussite ¬´ Je ne crois pas √† l‚Äôascenseur social‚Ä¶ mais √† l‚Äôescalier ¬ª üìåhtt‚Ä¶"
99,13-Nov-2020,11:24:11,1.327210648133116e+18,434.0,0.0,140.0,0.0,,MimiGJ_,81.0,Twitter for iPhone,"RT @Nantes_Revoltee: üî¥PREMIER MINISTRE : USINE √Ä FAKE NEWS

- Nouveau mensonge d'Etat ce soir : la preuve en images -

#Castex #confinement‚Ä¶"
